-- Insertando datos en la tabla Empresa
INSERT INTO empresa (nombre_empresa, ruc, direccion, telefono, correo)
VALUES
    ('Transporte Emtrafesa S.A.C.', '20123456789', 'Av. Siempre Viva 123', '012345678', 'contacto@emtrafesa.com'),
    ('Transportes El Sol S.A.C.', '20198765432', 'Calle Falsa 456', '098765432', 'info@elsol.com')
    ON CONFLICT DO NOTHING;

-- Insertando datos en la tabla UserEmtraf
INSERT INTO user_emtraf (correo, contrasena, tipo_usuario)
VALUES
    ('cliente1@emtrafesa.com', 'hashed_password1', 'CLIENTE'),
    ('empleado1@emtrafesa.com', 'hashed_password2', 'EMPLEADO')
    ON CONFLICT DO NOTHING;

-- Insertando datos en la tabla Cliente
INSERT INTO cliente (nombre, apellidos, user_emtraf_id, tipo_documento, numero_dni, telefono, numero_telefono)
VALUES
    ('Juan', 'Pérez', 1, 'DNI', '12345678', 'CELULAR', '987654321'),
    ('Maria', 'Gonzales', 2, 'CARNET_DE_EXTRANJERIA', '87654321', 'CELULAR', '912345678')
    ON CONFLICT DO NOTHING;

-- Insertando datos en la tabla Empleado
INSERT INTO empleado (user_emtraf_id, experiencia)
VALUES
    (2, '5 años de experiencia en conducción de buses interprovinciales')
    ON CONFLICT DO NOTHING;

-- Insertando datos en la tabla Bus
INSERT INTO bus (placa, tipo_servicio, modelo, numero_pisos)
VALUES
    ('ABC-123', 'CAMA', 'Volvo 2020', 2),
    ('XYZ-987', 'SEMICAMA', 'Mercedes Benz 2019', 2)
    ON CONFLICT DO NOTHING;

-- Insertando datos en la tabla Ruta
INSERT INTO ruta (origen, destino, duracion, tiene_escalas, empleado_id)
VALUES
    ('Lima', 'Trujillo', '05:30:00', FALSE, 1),
    ('Lima', 'Arequipa', '12:00:00', TRUE, 1)
    ON CONFLICT DO NOTHING;

-- Insertando datos en la tabla Itinerario
INSERT INTO itinerario (ruta_id, bus_id, fecha_viaje, hora_salida, hora_llegada, empleado_id)
VALUES
    (1, 1, CURRENT_DATE, '08:00:00', '13:30:00', 1),
    (2, 2, CURRENT_DATE, '21:00:00', '09:00:00', 1)
    ON CONFLICT DO NOTHING;

-- Insertando datos en la tabla Pasaje
INSERT INTO pasaje (cliente_id, itinerario_id, fecha_compra, total, estado)
VALUES
    (1, 1, CURRENT_TIMESTAMP, 120.50, 'COMPRADO'),
    (2, 2, CURRENT_TIMESTAMP, 150.75, 'COMPRADO')
    ON CONFLICT DO NOTHING;

-- Insertando datos en la tabla Pago
INSERT INTO pago (pasaje_id, cliente_id, empresa_id, fecha_pago, monto, metodo_pago, estado_pago)
VALUES
    (1, 1, 1, CURRENT_TIMESTAMP, 120.50, 'YAPE', 'PAGADO'),
    (2, 2, 2, CURRENT_TIMESTAMP, 150.75, 'TARJETA', 'PAGADO')
    ON CONFLICT DO NOTHING;

-- Insertando datos en la tabla Pasajero
INSERT INTO pasajero (nombre, apellidos, sexo, tipo_documento, numero_dni, fecha_nacimiento)
VALUES
    ('Pedro', 'Ramírez', 'MASCULINO', 'DNI', '11223344', '1990-04-15'),
    ('Laura', 'Martínez', 'FEMENINO', 'CARNET_DE_EXTRANJERIA', '22334455', '1985-07-22')
    ON CONFLICT DO NOTHING;

-- Insertando datos en la tabla Postergacion
INSERT INTO postergacion (pasaje_id, nuevo_itinerario_id, fecha_postergacion)
VALUES
    (1, 2, CURRENT_TIMESTAMP)
    ON CONFLICT DO NOTHING;

-- Insertando datos en la tabla PasajePasajero
INSERT INTO pasaje_pasajero (pasaje_id, pasajero_id)
VALUES
    (1, 1),
    (2, 2)
    ON CONFLICT DO NOTHING;

-- Insertando datos en la tabla precios_por_piso para el itinerario con id 1
INSERT INTO precios_por_piso (itinerario_id, precio)
VALUES
    (1, 100.50), -- Precio para el primer piso del itinerario con id 1
    (1, 120.75), -- Precio para el segundo piso del itinerario con id 1
    (2, 80.50),  -- Precio para el primer piso del itinerario con id 2
    (2, 95.00)   -- Precio para el segundo piso del itinerario con id 2
    ON CONFLICT DO NOTHING;

-- Insertando datos en la tabla asientos_por_piso para el bus con id 1
INSERT INTO asientos_por_piso (bus_id, piso, cantidad_asientos)
VALUES
    (1, 1, 30), -- Bus con id 1, piso 1, 30 asientos
    (1, 2, 25), -- Bus con id 1, piso 2, 25 asientos
    (2, 1, 35), -- Bus con id 2, piso 1, 35 asientos
    (2, 2, 20)  -- Bus con id 2, piso 2, 20 asientos
    ON CONFLICT DO NOTHING;


